product_id,url,name,image,original_price,current_price,discount,unit,in_stock
"9ae9624f-21c0-4023-8c19-096f386a54c1","https://www.zepto.com/pn/pepe-jeans-mens-premium-track-pant-black-s/pvid/9ae9624f-21c0-4023-8c19-096f386a54c1","Pepe Jeans Mens Black Slim Fit Track pant - Pack of 1 () Comfort Fit, Soft Fabric","https://cdn.zeptonow.com/production/tr:w-100,ar-100-100,pr-true,f-auto,q-40,dpr-2/cms/product_variant/fd71e45a-0fcb-4ba8-8d61-130e1b3acdbd.jpeg","1199","509","58% OFF","S","Out of Stock"
"9ae9624f-21c0-4023-8c19-096f386a54c1","https://www.zepto.com/pn/pepe-jeans-mens-premium-track-pant-black-s/pvid/9ae9624f-21c0-4023-8c19-096f386a54c1","Pepe Jeans Mens Black Slim Fit Track pant - Pack of 1 () Comfort Fit, Soft Fabric","https://cdn.zeptonow.com/production/tr:w-100,ar-100-100,pr-true,f-auto,q-40,dpr-2/cms/product_variant/e109a61e-32da-480b-b853-b7c727623b03.jpeg","1199","690","42% OFF","M","Out of Stock"
"9ae9624f-21c0-4023-8c19-096f386a54c1","https://www.zepto.com/pn/pepe-jeans-mens-premium-track-pant-black-s/pvid/9ae9624f-21c0-4023-8c19-096f386a54c1","Pepe Jeans Mens Black Slim Fit Track pant - Pack of 1 () Comfort Fit, Soft Fabric","https://cdn.zeptonow.com/production/tr:w-100,ar-100-100,pr-true,f-auto,q-40,dpr-2/cms/product_variant/455d8a8b-0447-42b6-b9e1-a70e2e876484.jpeg","1199","973","19% OFF","L","Out of Stock"
"9ae9624f-21c0-4023-8c19-096f386a54c1","https://www.zepto.com/pn/pepe-jeans-mens-premium-track-pant-black-s/pvid/9ae9624f-21c0-4023-8c19-096f386a54c1","Pepe Jeans Mens Black Slim Fit Track pant - Pack of 1 () Comfort Fit, Soft Fabric","https://cdn.zeptonow.com/production/tr:w-100,ar-100-100,pr-true,f-auto,q-40,dpr-2/cms/product_variant/86e06016-e27a-41f0-81d6-350df088067b.jpeg","1199","659","45% OFF","XL","Out of Stock"
"df73617a-b090-491e-bedc-aa125c6694d2","https://www.zepto.com/pn/pepe-jeans-premium-cotton-hipsters-pack-of-3-multicolor-l-panty/pvid/df73617a-b090-491e-bedc-aa125c6694d2","Pepe Jeans Womens Garnet Red Combo Premium 100% Cotton Women Hipster - Pack of 3 () Breathable","https://cdn.zeptonow.com/production/tr:w-100,ar-100-100,pr-true,f-auto,q-40,dpr-2/cms/product_variant/189ef631-041e-4250-99a3-012f08d014fe.jpeg","599","509","15% OFF","S","In Stock"
"df73617a-b090-491e-bedc-aa125c6694d2","https://www.zepto.com/pn/pepe-jeans-premium-cotton-hipsters-pack-of-3-multicolor-l-panty/pvid/df73617a-b090-491e-bedc-aa125c6694d2","Pepe Jeans Womens Garnet Red Combo Premium 100% Cotton Women Hipster - Pack of 3 () Breathable","https://cdn.zeptonow.com/production/tr:w-100,ar-100-100,pr-true,f-auto,q-40,dpr-2/cms/product_variant/0b201c60-2fb0-40b4-9f07-9f2f8dac26e9.jpeg","599","509","15% OFF","M","In Stock"
"df73617a-b090-491e-bedc-aa125c6694d2","https://www.zepto.com/pn/pepe-jeans-premium-cotton-hipsters-pack-of-3-multicolor-l-panty/pvid/df73617a-b090-491e-bedc-aa125c6694d2","Pepe Jeans Womens Garnet Red Combo Premium 100% Cotton Women Hipster - Pack of 3 () Breathable","https://cdn.zeptonow.com/production/tr:w-100,ar-100-100,pr-true,f-auto,q-40,dpr-2/cms/product_variant/189ef631-041e-4250-99a3-012f08d014fe.jpeg","599","509","15% OFF","L","In Stock"
"df73617a-b090-491e-bedc-aa125c6694d2","https://www.zepto.com/pn/pepe-jeans-premium-cotton-hipsters-pack-of-3-multicolor-l-panty/pvid/df73617a-b090-491e-bedc-aa125c6694d2","Pepe Jeans Womens Garnet Red Combo Premium 100% Cotton Women Hipster - Pack of 3 () Breathable","https://cdn.zeptonow.com/production/tr:w-100,ar-100-100,pr-true,f-auto,q-40,dpr-2/cms/product_variant/435c6eb8-38d8-4967-943d-9c9d603d54e1.jpeg","599","509","15% OFF","XL","In Stock"
"df73617a-b090-491e-bedc-aa125c6694d2","https://www.zepto.com/pn/pepe-jeans-premium-cotton-hipsters-pack-of-3-multicolor-l-panty/pvid/df73617a-b090-491e-bedc-aa125c6694d2","Pepe Jeans Womens Garnet Red Combo Premium 100% Cotton Women Hipster - Pack of 3 () Breathable","https://cdn.zeptonow.com/production/tr:w-100,ar-100-100,pr-true,f-auto,q-40,dpr-2/cms/product_variant/d4e7ea8b-e010-491c-bbda-d7c62bf8d239.jpg","599","486","19% OFF","2XL","Out of Stock"
"44cccbc9-646a-4562-b5fc-a8fce95a0a75","https://www.zepto.com/pn/pepe-jeans-mens-lounge-track-pant-navy-m/pvid/44cccbc9-646a-4562-b5fc-a8fce95a0a75","Pepe Jeans Mens Navy Slim Fit Track pant - Pack of 1 () Comfort Fit, Soft Fabric","https://cdn.zeptonow.com/production/tr:w-100,ar-100-100,pr-true,f-auto,q-40,dpr-2/cms/product_variant/c5f428d1-c0c7-4881-905a-8aa61838e943.jpeg","1399","938","33% OFF","S","In Stock"
"44cccbc9-646a-4562-b5fc-a8fce95a0a75","https://www.zepto.com/pn/pepe-jeans-mens-lounge-track-pant-navy-m/pvid/44cccbc9-646a-4562-b5fc-a8fce95a0a75","Pepe Jeans Mens Navy Slim Fit Track pant - Pack of 1 () Comfort Fit, Soft Fabric","https://cdn.zeptonow.com/production/tr:w-100,ar-100-100,pr-true,f-auto,q-40,dpr-2/cms/product_variant/c5f428d1-c0c7-4881-905a-8aa61838e943.jpeg","1399","938","33% OFF","M","In Stock"
"44cccbc9-646a-4562-b5fc-a8fce95a0a75","https://www.zepto.com/pn/pepe-jeans-mens-lounge-track-pant-navy-m/pvid/44cccbc9-646a-4562-b5fc-a8fce95a0a75","Pepe Jeans Mens Navy Slim Fit Track pant - Pack of 1 () Comfort Fit, Soft Fabric","https://cdn.zeptonow.com/production/tr:w-100,ar-100-100,pr-true,f-auto,q-40,dpr-2/cms/product_variant/1f59781c-d1fd-4eff-a4fd-0d338a3615a0.jpeg","1399","480","66% OFF","L","Out of Stock"
"44cccbc9-646a-4562-b5fc-a8fce95a0a75","https://www.zepto.com/pn/pepe-jeans-mens-lounge-track-pant-navy-m/pvid/44cccbc9-646a-4562-b5fc-a8fce95a0a75","Pepe Jeans Mens Navy Slim Fit Track pant - Pack of 1 () Comfort Fit, Soft Fabric","https://cdn.zeptonow.com/production/tr:w-100,ar-100-100,pr-true,f-auto,q-40,dpr-2/cms/product_variant/271926d2-711c-4674-977d-56ce10b879f3.jpeg","1399","480","66% OFF","XL","Out of Stock"
"44cccbc9-646a-4562-b5fc-a8fce95a0a75","https://www.zepto.com/pn/pepe-jeans-mens-lounge-track-pant-navy-m/pvid/44cccbc9-646a-4562-b5fc-a8fce95a0a75","Pepe Jeans Mens Navy Slim Fit Track pant - Pack of 1 () Comfort Fit, Soft Fabric","https://cdn.zeptonow.com/production/tr:w-100,ar-100-100,pr-true,f-auto,q-40,dpr-2/cms/product_variant/c814d617-207c-44aa-84ce-b447c40d260e.jpeg","1399","480","66% OFF","2XL","Out of Stock"
"1548b1fe-cf95-4eac-86d7-6eb8b667ee05","https://www.zepto.com/pn/pepe-jeans-mens-premium-track-pant-astral-blue-m/pvid/1548b1fe-cf95-4eac-86d7-6eb8b667ee05","Pepe Jeans Mens Astral Blue Cargo style Track pant - Pack of 1 () Comfort Fit, Soft Fabric","https://cdn.zeptonow.com/production/tr:w-100,ar-100-100,pr-true,f-auto,q-40,dpr-2/cms/product_variant/8905ca07-0dc5-4b3a-b61f-6e83f09fe4bd.jpeg","1899","1306","31% OFF","M","In Stock"
"1548b1fe-cf95-4eac-86d7-6eb8b667ee05","https://www.zepto.com/pn/pepe-jeans-mens-premium-track-pant-astral-blue-m/pvid/1548b1fe-cf95-4eac-86d7-6eb8b667ee05","Pepe Jeans Mens Astral Blue Cargo style Track pant - Pack of 1 () Comfort Fit, Soft Fabric","https://cdn.zeptonow.com/production/tr:w-100,ar-100-100,pr-true,f-auto,q-40,dpr-2/cms/product_variant/652e1419-aac6-4522-83ed-625f9ec78e81.jpeg","1899","1059","44% OFF","L","Out of Stock"
"1548b1fe-cf95-4eac-86d7-6eb8b667ee05","https://www.zepto.com/pn/pepe-jeans-mens-premium-track-pant-astral-blue-m/pvid/1548b1fe-cf95-4eac-86d7-6eb8b667ee05","Pepe Jeans Mens Astral Blue Cargo style Track pant - Pack of 1 () Comfort Fit, Soft Fabric","https://cdn.zeptonow.com/production/tr:w-100,ar-100-100,pr-true,f-auto,q-40,dpr-2/cms/product_variant/fefa23e1-c8d3-4bdd-b78f-2a8762791931.jpeg","1899","749","61% OFF","XL","Out of Stock"
"63f1db85-040c-45aa-b5f1-2474937014d8","https://www.zepto.com/pn/pepe-jeans-mens-dry-fit-gym-t-shirt-black-s/pvid/63f1db85-040c-45aa-b5f1-2474937014d8","Pepe Jeans Mens Black Dry Fit T-Shirt - Pack of 1 () Comfort Fit, Soft Fabric","https://cdn.zeptonow.com/production/tr:w-100,ar-100-100,pr-true,f-auto,q-40,dpr-2/cms/product_variant/e3000f94-f73f-48a7-9b07-d2a876a9ebfc.jpeg","999","319","68% OFF","S","Out of Stock"
"63f1db85-040c-45aa-b5f1-2474937014d8","https://www.zepto.com/pn/pepe-jeans-mens-dry-fit-gym-t-shirt-black-s/pvid/63f1db85-040c-45aa-b5f1-2474937014d8","Pepe Jeans Mens Black Dry Fit T-Shirt - Pack of 1 () Comfort Fit, Soft Fabric","https://cdn.zeptonow.com/production/tr:w-100,ar-100-100,pr-true,f-auto,q-40,dpr-2/cms/product_variant/e3000f94-f73f-48a7-9b07-d2a876a9ebfc.jpeg","999","319","68% OFF","M","Out of Stock"
"63f1db85-040c-45aa-b5f1-2474937014d8","https://www.zepto.com/pn/pepe-jeans-mens-dry-fit-gym-t-shirt-black-s/pvid/63f1db85-040c-45aa-b5f1-2474937014d8","Pepe Jeans Mens Black Dry Fit T-Shirt - Pack of 1 () Comfort Fit, Soft Fabric","https://cdn.zeptonow.com/production/tr:w-100,ar-100-100,pr-true,f-auto,q-40,dpr-2/cms/product_variant/0e5eeda2-cdec-42e2-a803-aac7fa201377.jpeg","999","419","58% OFF","L","Out of Stock"
"63f1db85-040c-45aa-b5f1-2474937014d8","https://www.zepto.com/pn/pepe-jeans-mens-dry-fit-gym-t-shirt-black-s/pvid/63f1db85-040c-45aa-b5f1-2474937014d8","Pepe Jeans Mens Black Dry Fit T-Shirt - Pack of 1 () Comfort Fit, Soft Fabric","https://cdn.zeptonow.com/production/tr:w-100,ar-100-100,pr-true,f-auto,q-40,dpr-2/cms/product_variant/d786af8b-b339-42f9-ac00-35c507c77a66.jpeg","999","419","58% OFF","XL","Out of Stock"
"63f1db85-040c-45aa-b5f1-2474937014d8","https://www.zepto.com/pn/pepe-jeans-mens-dry-fit-gym-t-shirt-black-s/pvid/63f1db85-040c-45aa-b5f1-2474937014d8","Pepe Jeans Mens Black Dry Fit T-Shirt - Pack of 1 () Comfort Fit, Soft Fabric","https://cdn.zeptonow.com/production/tr:w-100,ar-100-100,pr-true,f-auto,q-40,dpr-2/cms/product_variant/35f92887-332a-4098-8c34-4602bd898846.jpeg","999","329","67% OFF","2XL","Out of Stock"
"eec00105-0ca2-486a-9067-c6b4c61a13e7","https://www.zepto.com/pn/pepe-jeans-mens-dry-fit-gym-t-shirt-pink-s/pvid/eec00105-0ca2-486a-9067-c6b4c61a13e7","Pepe Jeans Mens Dusty Pink Dry Fit T-Shirt - Pack of 1 () Comfort Fit, Soft Fabric","https://cdn.zeptonow.com/production/tr:w-100,ar-100-100,pr-true,f-auto,q-40,dpr-2/cms/product_variant/938f218d-a02c-47d4-821c-cfc1fb5b227a.jpeg","999","750","25% OFF","S","Out of Stock"
"eec00105-0ca2-486a-9067-c6b4c61a13e7","https://www.zepto.com/pn/pepe-jeans-mens-dry-fit-gym-t-shirt-pink-s/pvid/eec00105-0ca2-486a-9067-c6b4c61a13e7","Pepe Jeans Mens Dusty Pink Dry Fit T-Shirt - Pack of 1 () Comfort Fit, Soft Fabric","https://cdn.zeptonow.com/production/tr:w-100,ar-100-100,pr-true,f-auto,q-40,dpr-2/cms/product_variant/28f3425e-f133-40d0-befd-c2972aad6e5e.jpeg","999","419","58% OFF","M","In Stock"
"eec00105-0ca2-486a-9067-c6b4c61a13e7","https://www.zepto.com/pn/pepe-jeans-mens-dry-fit-gym-t-shirt-pink-s/pvid/eec00105-0ca2-486a-9067-c6b4c61a13e7","Pepe Jeans Mens Dusty Pink Dry Fit T-Shirt - Pack of 1 () Comfort Fit, Soft Fabric","https://cdn.zeptonow.com/production/tr:w-100,ar-100-100,pr-true,f-auto,q-40,dpr-2/cms/product_variant/f2a533cc-55ad-45d1-8653-ea4598098d27.jpeg","999","420","58% OFF","L","Out of Stock"
"eec00105-0ca2-486a-9067-c6b4c61a13e7","https://www.zepto.com/pn/pepe-jeans-mens-dry-fit-gym-t-shirt-pink-s/pvid/eec00105-0ca2-486a-9067-c6b4c61a13e7","Pepe Jeans Mens Dusty Pink Dry Fit T-Shirt - Pack of 1 () Comfort Fit, Soft Fabric","https://cdn.zeptonow.com/production/tr:w-100,ar-100-100,pr-true,f-auto,q-40,dpr-2/cms/product_variant/0775659e-c2ac-4d10-adc9-64ae77fd1c18.jpeg","999","419","58% OFF","XL","Out of Stock"
"eec00105-0ca2-486a-9067-c6b4c61a13e7","https://www.zepto.com/pn/pepe-jeans-mens-dry-fit-gym-t-shirt-pink-s/pvid/eec00105-0ca2-486a-9067-c6b4c61a13e7","Pepe Jeans Mens Dusty Pink Dry Fit T-Shirt - Pack of 1 () Comfort Fit, Soft Fabric","https://cdn.zeptonow.com/production/tr:w-100,ar-100-100,pr-true,f-auto,q-40,dpr-2/cms/product_variant/23ea384b-674b-4100-ba17-b8e92d47d65c.jpeg","999","319","68% OFF","2XL","Out of Stock"
"96a64c85-ff53-411b-860b-7ba2715867e2","https://www.zepto.com/pn/pepe-jeans-mens-printed-dark-grey-boxer-xl/pvid/96a64c85-ff53-411b-860b-7ba2715867e2","Pepe Jeans Mens Dark Grey AOP 100% Cotton Printed Boxer - Pack of 1 () Comfort Fit, Soft Fabric","https://cdn.zeptonow.com/production/tr:w-100,ar-100-100,pr-true,f-auto,q-40,dpr-2/cms/product_variant/ee3815ac-2e2c-4797-9056-768d94cfdfdf.jpeg","549","449","18% OFF","XL","In Stock"
"96a64c85-ff53-411b-860b-7ba2715867e2","https://www.zepto.com/pn/pepe-jeans-mens-printed-dark-grey-boxer-xl/pvid/96a64c85-ff53-411b-860b-7ba2715867e2","Pepe Jeans Mens Dark Grey AOP 100% Cotton Printed Boxer - Pack of 1 () Comfort Fit, Soft Fabric","https://cdn.zeptonow.com/production/tr:w-100,ar-100-100,pr-true,f-auto,q-40,dpr-2/cms/product_variant/667cdd7f-d62e-483a-b8fa-a1b75c3a0c46.jpeg","549","354","36% OFF","2XL","In Stock"
"045a9023-6b5d-4866-ac53-5e63a2a73f8a","https://www.zepto.com/pn/pepe-jeans-mens-premium-track-pant-phantom-black-l/pvid/045a9023-6b5d-4866-ac53-5e63a2a73f8a","Pepe Jeans Mens Phantom Black Cargo style Track pant - Pack of 1 () Comfort Fit, Soft Fabric","https://cdn.zeptonow.com/production/tr:w-100,ar-100-100,pr-true,f-auto,q-40,dpr-2/cms/product_variant/e8788e29-a1a7-49c4-a5e3-b0d94ea1e58e.jpeg","1899","1009","47% OFF","M","Out of Stock"
"045a9023-6b5d-4866-ac53-5e63a2a73f8a","https://www.zepto.com/pn/pepe-jeans-mens-premium-track-pant-phantom-black-l/pvid/045a9023-6b5d-4866-ac53-5e63a2a73f8a","Pepe Jeans Mens Phantom Black Cargo style Track pant - Pack of 1 () Comfort Fit, Soft Fabric","https://cdn.zeptonow.com/production/tr:w-100,ar-100-100,pr-true,f-auto,q-40,dpr-2/cms/product_variant/e8788e29-a1a7-49c4-a5e3-b0d94ea1e58e.jpeg","1899","1009","47% OFF","L","Out of Stock"
"045a9023-6b5d-4866-ac53-5e63a2a73f8a","https://www.zepto.com/pn/pepe-jeans-mens-premium-track-pant-phantom-black-l/pvid/045a9023-6b5d-4866-ac53-5e63a2a73f8a","Pepe Jeans Mens Phantom Black Cargo style Track pant - Pack of 1 () Comfort Fit, Soft Fabric","https://cdn.zeptonow.com/production/tr:w-100,ar-100-100,pr-true,f-auto,q-40,dpr-2/cms/product_variant/7b2cacdc-6d5e-4c58-ab6d-74596ffab609.jpeg","1899","1009","47% OFF","XL","Out of Stock"
"51fb5652-7e99-4bc8-b1eb-580267820c2d","https://www.zepto.com/pn/pepe-jeans-100-cotton-mens-vest-m-comfortable-fit/pvid/51fb5652-7e99-4bc8-b1eb-580267820c2d","Pepe Jeans Mens Black Cotton Solid Gym Vest - Pack of 1 () Comfort Fit, Soft Fabric","https://cdn.zeptonow.com/production/tr:w-100,ar-100-100,pr-true,f-auto,q-40,dpr-2/cms/product_variant/cf4b6875-eb44-4b7f-bdb1-19f67c149203.jpeg","599","363","39% OFF","S","In Stock"
"51fb5652-7e99-4bc8-b1eb-580267820c2d","https://www.zepto.com/pn/pepe-jeans-100-cotton-mens-vest-m-comfortable-fit/pvid/51fb5652-7e99-4bc8-b1eb-580267820c2d","Pepe Jeans Mens Grey Melange Cotton Solid Gym Vest - Pack of 1 () Comfort Fit, Soft Fabric","https://cdn.zeptonow.com/production/tr:w-100,ar-100-100,pr-true,f-auto,q-40,dpr-2/cms/product_variant/bf6430c4-970f-449e-adb2-d7ea792aec45.jpeg","599","382","36% OFF","M","In Stock"
"51fb5652-7e99-4bc8-b1eb-580267820c2d","https://www.zepto.com/pn/pepe-jeans-100-cotton-mens-vest-m-comfortable-fit/pvid/51fb5652-7e99-4bc8-b1eb-580267820c2d","Pepe Jeans Mens Grey Melange Cotton Solid Gym Vest - Pack of 1 () Comfort Fit, Soft Fabric","https://cdn.zeptonow.com/production/tr:w-100,ar-100-100,pr-true,f-auto,q-40,dpr-2/cms/product_variant/8b1aef00-c654-4b23-99c5-f223a491f927.jpeg","599","309","48% OFF","L","In Stock"
"51fb5652-7e99-4bc8-b1eb-580267820c2d","https://www.zepto.com/pn/pepe-jeans-100-cotton-mens-vest-m-comfortable-fit/pvid/51fb5652-7e99-4bc8-b1eb-580267820c2d","Pepe Jeans Mens Grey Melange Cotton Solid Gym Vest - Pack of 1 () Comfort Fit, Soft Fabric","https://cdn.zeptonow.com/production/tr:w-100,ar-100-100,pr-true,f-auto,q-40,dpr-2/cms/product_variant/b5041dd7-56a0-444d-b302-9571c68878ec.jpeg","599","317","47% OFF","XL","In Stock"
"51fb5652-7e99-4bc8-b1eb-580267820c2d","https://www.zepto.com/pn/pepe-jeans-100-cotton-mens-vest-m-comfortable-fit/pvid/51fb5652-7e99-4bc8-b1eb-580267820c2d","Pepe Jeans Mens Grey Melange Cotton Solid Gym Vest - Pack of 1 () Comfort Fit, Soft Fabric","https://cdn.zeptonow.com/production/tr:w-100,ar-100-100,pr-true,f-auto,q-40,dpr-2/cms/product_variant/25c63617-4ca0-40b1-95e3-c320f48f622e.jpeg","599","338","44% OFF","2XL","In Stock"
"006c6685-b2d8-48d4-9dad-617e77d0a1bc","https://www.zepto.com/pn/pepe-jeans-mens-solid-black-brief-xl/pvid/006c6685-b2d8-48d4-9dad-617e77d0a1bc","Pepe Jeans Mens Black 100% Cotton Solid Brief - Pack of 1 () Comfort Fit, Soft Fabric","https://cdn.zeptonow.com/production/tr:w-100,ar-100-100,pr-true,f-auto,q-40,dpr-2/cms/product_variant/a6fd9e51-cf82-4188-b38d-7bdf8ab49f73.jpeg","279","217","22% OFF","S","In Stock"
"006c6685-b2d8-48d4-9dad-617e77d0a1bc","https://www.zepto.com/pn/pepe-jeans-mens-solid-black-brief-xl/pvid/006c6685-b2d8-48d4-9dad-617e77d0a1bc","Pepe Jeans Mens Black 100% Cotton Solid Brief - Pack of 1 () Comfort Fit, Soft Fabric","https://cdn.zeptonow.com/production/tr:w-100,ar-100-100,pr-true,f-auto,q-40,dpr-2/cms/product_variant/54499605-a0ae-4a4c-b9b1-db858eaf1ce6.jpeg","279","217","22% OFF","M","In Stock"
"006c6685-b2d8-48d4-9dad-617e77d0a1bc","https://www.zepto.com/pn/pepe-jeans-mens-solid-black-brief-xl/pvid/006c6685-b2d8-48d4-9dad-617e77d0a1bc","Pepe Jeans Mens Black 100% Cotton Solid Brief - Pack of 1 () Comfort Fit, Soft Fabric","https://cdn.zeptonow.com/production/tr:w-100,ar-100-100,pr-true,f-auto,q-40,dpr-2/cms/product_variant/1377899a-50ea-48c0-9f6c-a28b6dbdcf99.jpeg","279","217","22% OFF","L","Out of Stock"
"006c6685-b2d8-48d4-9dad-617e77d0a1bc","https://www.zepto.com/pn/pepe-jeans-mens-solid-black-brief-xl/pvid/006c6685-b2d8-48d4-9dad-617e77d0a1bc","Pepe Jeans Mens Black 100%Cotton Solid Brief - Pack of 1() Comfort Fit, Soft Fabric","https://cdn.zeptonow.com/production/tr:w-100,ar-100-100,pr-true,f-auto,q-40,dpr-2/cms/product_variant/9b4dc3da-a1ca-487d-913e-858a9b259a6c.jpeg","279","217","22% OFF","XL","Out of Stock"
"006c6685-b2d8-48d4-9dad-617e77d0a1bc","https://www.zepto.com/pn/pepe-jeans-mens-solid-black-brief-xl/pvid/006c6685-b2d8-48d4-9dad-617e77d0a1bc","Pepe Jeans Mens Black 100% Cotton Solid Brief - Pack of 1 () Comfort Fit, Soft Fabric","https://cdn.zeptonow.com/production/tr:w-100,ar-100-100,pr-true,f-auto,q-40,dpr-2/cms/product_variant/ab893b9c-ef71-40f2-93fc-a02e93b4a66d.jpg","279","217","22% OFF","2XL","Out of Stock"
"e670f6d9-777c-4e28-8d5c-a6a2498e2bec","https://www.zepto.com/pn/pepe-jeans-mens-cotton-solid-tank-top-lightweight-and-soft-atv02-black-xxl/pvid/e670f6d9-777c-4e28-8d5c-a6a2498e2bec","Pepe Jeans Mens Black Cotton Solid Gym Vest - Pack of 1 () Comfort Fit, Soft Fabric","https://cdn.zeptonow.com/production/tr:w-100,ar-100-100,pr-true,f-auto,q-40,dpr-2/cms/product_variant/5fd0d34c-50e0-4aaa-a5fd-770dd47793d1.jpeg","649","350","46% OFF","S","Out of Stock"
"e670f6d9-777c-4e28-8d5c-a6a2498e2bec","https://www.zepto.com/pn/pepe-jeans-mens-cotton-solid-tank-top-lightweight-and-soft-atv02-black-xxl/pvid/e670f6d9-777c-4e28-8d5c-a6a2498e2bec","Pepe Jeans Mens Grey Melange Cotton Solid Gym Vest - Pack of 1 () Comfort Fit, Soft Fabric","https://cdn.zeptonow.com/production/tr:w-100,ar-100-100,pr-true,f-auto,q-40,dpr-2/cms/product_variant/fe4c3f3a-713f-4b51-84f7-014ee04e5443.jpeg","649","413","36% OFF","M","Out of Stock"
"e670f6d9-777c-4e28-8d5c-a6a2498e2bec","https://www.zepto.com/pn/pepe-jeans-mens-cotton-solid-tank-top-lightweight-and-soft-atv02-black-xxl/pvid/e670f6d9-777c-4e28-8d5c-a6a2498e2bec","Pepe Jeans Mens Grey Melange Cotton Solid Gym Vest - Pack of 1 () Comfort Fit, Soft Fabric","https://cdn.zeptonow.com/production/tr:w-100,ar-100-100,pr-true,f-auto,q-40,dpr-2/cms/product_variant/4c4cb34f-3ae0-4181-adb0-b99b520c3801.jpeg","649","413","36% OFF","L","Out of Stock"
"e670f6d9-777c-4e28-8d5c-a6a2498e2bec","https://www.zepto.com/pn/pepe-jeans-mens-cotton-solid-tank-top-lightweight-and-soft-atv02-black-xxl/pvid/e670f6d9-777c-4e28-8d5c-a6a2498e2bec","Pepe Jeans Mens Grey Melange Cotton Solid Gym Vest - Pack of 1 () Comfort Fit, Soft Fabric","https://cdn.zeptonow.com/production/tr:w-100,ar-100-100,pr-true,f-auto,q-40,dpr-2/cms/product_variant/66420603-0ade-4f48-be03-b5646f372549.jpeg","649","413","36% OFF","XL","Out of Stock"
"e670f6d9-777c-4e28-8d5c-a6a2498e2bec","https://www.zepto.com/pn/pepe-jeans-mens-cotton-solid-tank-top-lightweight-and-soft-atv02-black-xxl/pvid/e670f6d9-777c-4e28-8d5c-a6a2498e2bec","Pepe Jeans Mens Grey Melange Cotton Solid Gym Vest - Pack of 1 () Comfort Fit, Soft Fabric","https://cdn.zeptonow.com/production/tr:w-100,ar-100-100,pr-true,f-auto,q-40,dpr-2/cms/product_variant/fe4c3f3a-713f-4b51-84f7-014ee04e5443.jpeg","649","413","36% OFF","2XL","Out of Stock"
"c82bd0d1-2ad7-4e6e-907b-5d7faa5769f8","https://www.zepto.com/pn/pepe-jeans-mens-cotton-rich-solid-mid-rise-track-pant-blue-melange-s/pvid/c82bd0d1-2ad7-4e6e-907b-5d7faa5769f8","Pepe Jeans Mens Black Regular Track pant - Pack of 1 () Comfort Fit, Soft Fabric","https://cdn.zeptonow.com/production/tr:w-100,ar-100-100,pr-true,f-auto,q-40,dpr-2/cms/product_variant/126819ce-5178-4a4a-b0fb-124d46a45f38.jpeg","1399","547","61% OFF","S","Out of Stock"
"c82bd0d1-2ad7-4e6e-907b-5d7faa5769f8","https://www.zepto.com/pn/pepe-jeans-mens-cotton-rich-solid-mid-rise-track-pant-blue-melange-s/pvid/c82bd0d1-2ad7-4e6e-907b-5d7faa5769f8","Pepe Jeans Mens Blue Melange Regular Track pant - Pack of 1 () Comfort Fit, Soft Fabric","https://cdn.zeptonow.com/production/tr:w-100,ar-100-100,pr-true,f-auto,q-40,dpr-2/cms/product_variant/8b4dee2a-33e2-4f23-a48a-fbddc41a6fdc.jpeg","1399","495","65% OFF","M","Out of Stock"
"c82bd0d1-2ad7-4e6e-907b-5d7faa5769f8","https://www.zepto.com/pn/pepe-jeans-mens-cotton-rich-solid-mid-rise-track-pant-blue-melange-s/pvid/c82bd0d1-2ad7-4e6e-907b-5d7faa5769f8","Pepe Jeans Mens Blue Melange Regular Trackpant - Pack of 1() Comfort Fit, Soft Fabric","https://cdn.zeptonow.com/production/tr:w-100,ar-100-100,pr-true,f-auto,q-40,dpr-2/cms/product_variant/b72a22e0-7001-4eb5-a6f0-bdac42dee1e1.jpeg","1399","547","61% OFF","L","Out of Stock"
"5f432450-770a-4e13-ba82-40eaf0743b22","https://www.zepto.com/pn/pepe-jeans-mens-premium-lounge-pant-navy-m/pvid/5f432450-770a-4e13-ba82-40eaf0743b22","Pepe Jeans Mens Navy Cotton Solid Sleep wear - Pack of 1 () Comfort Fit, Soft Fabric","https://cdn.zeptonow.com/production/tr:w-100,ar-100-100,pr-true,f-auto,q-40,dpr-2/cms/product_variant/650ede61-723f-49a0-90ec-16aeb312f6ce.jpeg","1699","1139","33% OFF","S","In Stock"
"5f432450-770a-4e13-ba82-40eaf0743b22","https://www.zepto.com/pn/pepe-jeans-mens-premium-lounge-pant-navy-m/pvid/5f432450-770a-4e13-ba82-40eaf0743b22","Pepe Jeans Mens Navy Cotton Solid Sleep wear - Pack of 1 () Comfort Fit, Soft Fabric","https://cdn.zeptonow.com/production/tr:w-100,ar-100-100,pr-true,f-auto,q-40,dpr-2/cms/product_variant/650ede61-723f-49a0-90ec-16aeb312f6ce.jpeg","1699","1139","33% OFF","M","In Stock"
"5f432450-770a-4e13-ba82-40eaf0743b22","https://www.zepto.com/pn/pepe-jeans-mens-premium-lounge-pant-navy-m/pvid/5f432450-770a-4e13-ba82-40eaf0743b22","Pepe Jeans Mens Navy Cotton Solid Sleep wear - Pack of 1 () Comfort Fit, Soft Fabric","https://cdn.zeptonow.com/production/tr:w-100,ar-100-100,pr-true,f-auto,q-40,dpr-2/cms/product_variant/3df54102-6f2b-4f53-8631-cdf9075cbb05.jpeg","1699","1140","33% OFF","L","In Stock"
"5f432450-770a-4e13-ba82-40eaf0743b22","https://www.zepto.com/pn/pepe-jeans-mens-premium-lounge-pant-navy-m/pvid/5f432450-770a-4e13-ba82-40eaf0743b22","Pepe Jeans Mens Navy Cotton Solid Sleep wear - Pack of 1 () Comfort Fit, Soft Fabric","https://cdn.zeptonow.com/production/tr:w-100,ar-100-100,pr-true,f-auto,q-40,dpr-2/cms/product_variant/587172cb-ab54-43e6-bfe4-f7b760924adc.jpeg","1699","1149","32% OFF","XL","Out of Stock"
"d0dc6020-f0bc-403f-88b6-4c05f588e73b","https://www.zepto.com/pn/pepe-jeans-mens-cotton-regular-fit-mid-rise-waist-shorts-black-l/pvid/d0dc6020-f0bc-403f-88b6-4c05f588e73b","Pepe Jeans Mens Black Everyday Shorts - Pack of 1 () Comfort Fit, Soft Fabric","https://cdn.zeptonow.com/production/tr:w-100,ar-100-100,pr-true,f-auto,q-40,dpr-2/cms/product_variant/a57b121f-e9ce-48bf-81d7-02fe86762088.jpeg","1199","480","60% OFF","S","Out of Stock"
"d0dc6020-f0bc-403f-88b6-4c05f588e73b","https://www.zepto.com/pn/pepe-jeans-mens-cotton-regular-fit-mid-rise-waist-shorts-black-l/pvid/d0dc6020-f0bc-403f-88b6-4c05f588e73b","Pepe Jeans Mens Black Everyday Shorts - Pack of 1 () Comfort Fit, Soft Fabric","https://cdn.zeptonow.com/production/tr:w-100,ar-100-100,pr-true,f-auto,q-40,dpr-2/cms/product_variant/7f4b3f3c-e135-49ca-b8c5-770f22e5765b.jpeg","1199","480","60% OFF","M","Out of Stock"
"d0dc6020-f0bc-403f-88b6-4c05f588e73b","https://www.zepto.com/pn/pepe-jeans-mens-cotton-regular-fit-mid-rise-waist-shorts-black-l/pvid/d0dc6020-f0bc-403f-88b6-4c05f588e73b","Pepe Jeans Mens Black Everyday Shorts - Pack of 1 () Comfort Fit, Soft Fabric","https://cdn.zeptonow.com/production/tr:w-100,ar-100-100,pr-true,f-auto,q-40,dpr-2/cms/product_variant/a57b121f-e9ce-48bf-81d7-02fe86762088.jpeg","1199","480","60% OFF","L","Out of Stock"
"d0dc6020-f0bc-403f-88b6-4c05f588e73b","https://www.zepto.com/pn/pepe-jeans-mens-cotton-regular-fit-mid-rise-waist-shorts-black-l/pvid/d0dc6020-f0bc-403f-88b6-4c05f588e73b","Pepe Jeans Mens Black Everyday Shorts - Pack of 1 () Comfort Fit, Soft Fabric","https://cdn.zeptonow.com/production/tr:w-100,ar-100-100,pr-true,f-auto,q-40,dpr-2/cms/product_variant/8e6497f5-02bb-4701-94cb-00b5cf697814.jpeg","1199","480","60% OFF","XL","Out of Stock"
"4d0c47db-2a31-478a-b23c-74a24499b9f9","https://www.zepto.com/pn/pepe-jeans-premium-cotton-hipsters-pack-of-3-multicolor-l-panty/pvid/4d0c47db-2a31-478a-b23c-74a24499b9f9","Pepe Jeans Womens Hot Pink Combo Premium 100% Cotton Women Hipster - Pack of 3 () Breathable","https://cdn.zeptonow.com/production/tr:w-100,ar-100-100,pr-true,f-auto,q-40,dpr-2/cms/product_variant/abd062d3-3e38-4336-a9ec-f9d9d1796eed.jpeg","599","509","15% OFF","S","In Stock"
"4d0c47db-2a31-478a-b23c-74a24499b9f9","https://www.zepto.com/pn/pepe-jeans-premium-cotton-hipsters-pack-of-3-multicolor-l-panty/pvid/4d0c47db-2a31-478a-b23c-74a24499b9f9","Pepe Jeans Womens Hot Pink Combo Premium 100% Cotton Women Hipster - Pack of 3 () Breathable","https://cdn.zeptonow.com/production/tr:w-100,ar-100-100,pr-true,f-auto,q-40,dpr-2/cms/product_variant/28e2a579-7bb8-4e44-b769-8d4f4a72c08e.jpg","599","509","15% OFF","M","In Stock"
"4d0c47db-2a31-478a-b23c-74a24499b9f9","https://www.zepto.com/pn/pepe-jeans-premium-cotton-hipsters-pack-of-3-multicolor-l-panty/pvid/4d0c47db-2a31-478a-b23c-74a24499b9f9","Pepe Jeans Womens Hot Pink Combo Premium 100% Cotton Women Hipster - Pack of 3 () Breathable","https://cdn.zeptonow.com/production/tr:w-100,ar-100-100,pr-true,f-auto,q-40,dpr-2/cms/product_variant/99f730e2-bf70-442a-8969-65533512f756.jpg","599","509","15% OFF","L","In Stock"
"4d0c47db-2a31-478a-b23c-74a24499b9f9","https://www.zepto.com/pn/pepe-jeans-premium-cotton-hipsters-pack-of-3-multicolor-l-panty/pvid/4d0c47db-2a31-478a-b23c-74a24499b9f9","Pepe Jeans Womens Hot Pink Combo Premium 100% Cotton Women Hipster - Pack of 3 () Breathable","https://cdn.zeptonow.com/production/tr:w-100,ar-100-100,pr-true,f-auto,q-40,dpr-2/cms/product_variant/603ad171-6fd9-410f-964f-9febc620a7b1.jpeg","599","509","15% OFF","XL","In Stock"
"4d0c47db-2a31-478a-b23c-74a24499b9f9","https://www.zepto.com/pn/pepe-jeans-premium-cotton-hipsters-pack-of-3-multicolor-l-panty/pvid/4d0c47db-2a31-478a-b23c-74a24499b9f9","Pepe Jeans Womens Hot Pink Combo Premium 100% Cotton Women Hipster - Pack of 3 () Breathable","https://cdn.zeptonow.com/production/tr:w-100,ar-100-100,pr-true,f-auto,q-40,dpr-2/cms/product_variant/922e20d0-e8f4-446d-8b03-28ab32c78627.jpeg","599","509","15% OFF","2XL","Out of Stock"
"12175017-3bec-4167-a2b6-f2498ec2bee1","https://www.zepto.com/pn/pepe-jeans-mens-dry-fit-gym-t-shirt-pink-l/pvid/12175017-3bec-4167-a2b6-f2498ec2bee1","Pepe Jeans Mens Dusty Pink Dry Fit T-Shirt - Pack of 1 () Comfort Fit, Soft Fabric","https://cdn.zeptonow.com/production/tr:w-100,ar-100-100,pr-true,f-auto,q-40,dpr-2/cms/product_variant/f2a533cc-55ad-45d1-8653-ea4598098d27.jpeg","999","420","58% OFF","S","Out of Stock"
"c3f2f41b-55a2-45f3-8909-6f78fc7b5250","https://www.zepto.com/pn/pepe-jeans-mens-dry-fit-gym-t-shirt-black-xl/pvid/c3f2f41b-55a2-45f3-8909-6f78fc7b5250","Pepe Jeans Mens Black Dry Fit T-Shirt - Pack of 1 () Comfort Fit, Soft Fabric","https://cdn.zeptonow.com/production/tr:w-100,ar-100-100,pr-true,f-auto,q-40,dpr-2/cms/product_variant/d786af8b-b339-42f9-ac00-35c507c77a66.jpeg","999","419","58% OFF","S","Out of Stock"
"c3f2f41b-55a2-45f3-8909-6f78fc7b5250","https://www.zepto.com/pn/pepe-jeans-mens-dry-fit-gym-t-shirt-black-xl/pvid/c3f2f41b-55a2-45f3-8909-6f78fc7b5250","Pepe Jeans Mens Black Dry Fit T-Shirt - Pack of 1 () Comfort Fit, Soft Fabric","https://cdn.zeptonow.com/production/tr:w-100,ar-100-100,pr-true,f-auto,q-40,dpr-2/cms/product_variant/d786af8b-b339-42f9-ac00-35c507c77a66.jpeg","999","419","58% OFF","M","Out of Stock"
"f0e28fe4-a89a-4ba6-9345-0b28db9a553e","https://www.zepto.com/pn/pepe-jeans-mens-premium-track-pant-navy-m/pvid/f0e28fe4-a89a-4ba6-9345-0b28db9a553e","Pepe Jeans Mens Navy Regular Track pant - Pack of 1 () Comfort Fit, Soft Fabric","https://cdn.zeptonow.com/production/tr:w-100,ar-100-100,pr-true,f-auto,q-40,dpr-2/cms/product_variant/15a2d3dd-d282-43ef-acbf-d86d320bd9d9.jpeg","1799","989","45% OFF","S","Out of Stock"
"f0e28fe4-a89a-4ba6-9345-0b28db9a553e","https://www.zepto.com/pn/pepe-jeans-mens-premium-track-pant-navy-m/pvid/f0e28fe4-a89a-4ba6-9345-0b28db9a553e","Pepe Jeans Mens Navy Regular Track pant - Pack of 1 () Comfort Fit, Soft Fabric","https://cdn.zeptonow.com/production/tr:w-100,ar-100-100,pr-true,f-auto,q-40,dpr-2/cms/product_variant/15a2d3dd-d282-43ef-acbf-d86d320bd9d9.jpeg","1799","989","45% OFF","M","Out of Stock"
"f0e28fe4-a89a-4ba6-9345-0b28db9a553e","https://www.zepto.com/pn/pepe-jeans-mens-premium-track-pant-navy-m/pvid/f0e28fe4-a89a-4ba6-9345-0b28db9a553e","Pepe Jeans Mens Navy Regular Track pant - Pack of 1 () Comfort Fit, Soft Fabric","https://cdn.zeptonow.com/production/tr:w-100,ar-100-100,pr-true,f-auto,q-40,dpr-2/cms/product_variant/15a2d3dd-d282-43ef-acbf-d86d320bd9d9.jpeg","1799","989","45% OFF","L","Out of Stock"
"f0e28fe4-a89a-4ba6-9345-0b28db9a553e","https://www.zepto.com/pn/pepe-jeans-mens-premium-track-pant-navy-m/pvid/f0e28fe4-a89a-4ba6-9345-0b28db9a553e","Pepe Jeans Mens Navy Regular Track pant - Pack of 1 () Comfort Fit, Soft Fabric","https://cdn.zeptonow.com/production/tr:w-100,ar-100-100,pr-true,f-auto,q-40,dpr-2/cms/product_variant/15a2d3dd-d282-43ef-acbf-d86d320bd9d9.jpeg","1799","989","45% OFF","XL","Out of Stock"
"62f74366-6311-4606-8a74-decd49027d52","https://www.zepto.com/pn/pepe-jeans-100-cotton-mens-boxer-l-breathable-fabric/pvid/62f74366-6311-4606-8a74-decd49027d52","Pepe Jeans Mens Dark Grey AOP 100% Cotton Printed Boxer - Pack of 1 () Comfort Fit, Soft Fabric","https://cdn.zeptonow.com/production/tr:w-100,ar-100-100,pr-true,f-auto,q-40,dpr-2/cms/product_variant/d1d8d329-d457-4851-9f62-5e2d11a3f78a.jpeg","549","449","18% OFF","S","In Stock"
"62f74366-6311-4606-8a74-decd49027d52","https://www.zepto.com/pn/pepe-jeans-100-cotton-mens-boxer-l-breathable-fabric/pvid/62f74366-6311-4606-8a74-decd49027d52","Pepe Jeans Mens Dark Grey AOP 100% Cotton Printed Boxer - Pack of 1 () Comfort Fit, Soft Fabric","https://cdn.zeptonow.com/production/tr:w-100,ar-100-100,pr-true,f-auto,q-40,dpr-2/cms/product_variant/c67bc470-407f-492c-9dcd-13d57c0b435d.jpeg","549","449","18% OFF","M","Out of Stock"
"62f74366-6311-4606-8a74-decd49027d52","https://www.zepto.com/pn/pepe-jeans-100-cotton-mens-boxer-l-breathable-fabric/pvid/62f74366-6311-4606-8a74-decd49027d52","Pepe Jeans Mens Dark Grey AOP 100% Cotton Printed Boxer - Pack of 1 () Comfort Fit, Soft Fabric","https://cdn.zeptonow.com/production/tr:w-100,ar-100-100,pr-true,f-auto,q-40,dpr-2/cms/product_variant/00434a82-7dc8-42cb-9173-eaf6457a47e3.jpeg","549","449","18% OFF","L","In Stock"
"ee6fd2e8-9db6-4dd9-a10b-0cba970ad481","https://www.zepto.com/pn/pepe-jeans-mens-premium-lounge-pant-navy-l/pvid/ee6fd2e8-9db6-4dd9-a10b-0cba970ad481","Pepe Jeans Mens Navy Cotton Solid Sleep wear - Pack of 1 () Comfort Fit, Soft Fabric","https://cdn.zeptonow.com/production/tr:w-100,ar-100-100,pr-true,f-auto,q-40,dpr-2/cms/product_variant/3df54102-6f2b-4f53-8631-cdf9075cbb05.jpeg","1699","1140","33% OFF","S","In Stock"
"cfe0f7da-3ef2-4b57-9cee-b16e954a9bc2","https://www.zepto.com/pn/pepe-jeans-mens-printed-rumba-red-boxer-l/pvid/cfe0f7da-3ef2-4b57-9cee-b16e954a9bc2","Pepe Jeans Mens Rumba Red Aop 100% Cotton Printed Boxer - Pack of 1 () Comfort Fit, Soft Fabric","https://cdn.zeptonow.com/production/tr:w-100,ar-100-100,pr-true,f-auto,q-40,dpr-2/cms/product_variant/c7493dcc-f1b8-4ac6-8876-1a567a9d2084.jpeg","549","354","36% OFF","S","In Stock"
"cfe0f7da-3ef2-4b57-9cee-b16e954a9bc2","https://www.zepto.com/pn/pepe-jeans-mens-printed-rumba-red-boxer-l/pvid/cfe0f7da-3ef2-4b57-9cee-b16e954a9bc2","Pepe Jeans Mens Rumba Red Aop 100% Cotton Printed Boxer - Pack of 1 () Comfort Fit, Soft Fabric","https://cdn.zeptonow.com/production/tr:w-100,ar-100-100,pr-true,f-auto,q-40,dpr-2/cms/product_variant/3e5b837c-51c6-48f6-ba02-a9802ece82c5.jpeg","549","354","36% OFF","M","Out of Stock"
"cfe0f7da-3ef2-4b57-9cee-b16e954a9bc2","https://www.zepto.com/pn/pepe-jeans-mens-printed-rumba-red-boxer-l/pvid/cfe0f7da-3ef2-4b57-9cee-b16e954a9bc2","Pepe Jeans Mens Rumba Red Aop 100% Cotton Printed Boxer - Pack of 1 () Comfort Fit, Soft Fabric","https://cdn.zeptonow.com/production/tr:w-100,ar-100-100,pr-true,f-auto,q-40,dpr-2/cms/product_variant/a6fc605f-1fea-4060-9b17-308493504517.jpeg","549","354","36% OFF","L","Out of Stock"
"cfe0f7da-3ef2-4b57-9cee-b16e954a9bc2","https://www.zepto.com/pn/pepe-jeans-mens-printed-rumba-red-boxer-l/pvid/cfe0f7da-3ef2-4b57-9cee-b16e954a9bc2","Pepe Jeans Mens Rumba Red Aop 100% Cotton Printed Boxer - Pack of 1 () Comfort Fit, Soft Fabric","https://cdn.zeptonow.com/production/tr:w-100,ar-100-100,pr-true,f-auto,q-40,dpr-2/cms/product_variant/dd830b06-e4b2-4d05-b10c-85ac40f04acd.jpeg","549","354","36% OFF","XL","Out of Stock"
"cfe0f7da-3ef2-4b57-9cee-b16e954a9bc2","https://www.zepto.com/pn/pepe-jeans-mens-printed-rumba-red-boxer-l/pvid/cfe0f7da-3ef2-4b57-9cee-b16e954a9bc2","Pepe Jeans Mens Rumba Red Aop 100% Cotton Printed Boxer - Pack of 1 () Comfort Fit, Soft Fabric","https://cdn.zeptonow.com/production/tr:w-100,ar-100-100,pr-true,f-auto,q-40,dpr-2/cms/product_variant/fb7b284d-0125-456d-be0b-b597c8142d8f.jpeg","549","354","36% OFF","2XL","In Stock"
"28c0471e-3736-4193-a8fe-bb1188e55d59","https://www.zepto.com/pn/pepe-jeans-mens-dry-fit-gym-t-shirt-black-xxl/pvid/28c0471e-3736-4193-a8fe-bb1188e55d59","Pepe Jeans Mens Black Dry Fit T-Shirt - Pack of 1 () Comfort Fit, Soft Fabric","https://cdn.zeptonow.com/production/tr:w-100,ar-100-100,pr-true,f-auto,q-40,dpr-2/cms/product_variant/35f92887-332a-4098-8c34-4602bd898846.jpeg","999","329","67% OFF","S","Out of Stock"
"28c0471e-3736-4193-a8fe-bb1188e55d59","https://www.zepto.com/pn/pepe-jeans-mens-dry-fit-gym-t-shirt-black-xxl/pvid/28c0471e-3736-4193-a8fe-bb1188e55d59","Pepe Jeans Mens Black Dry Fit T-Shirt - Pack of 1 () Comfort Fit, Soft Fabric","https://cdn.zeptonow.com/production/tr:w-100,ar-100-100,pr-true,f-auto,q-40,dpr-2/cms/product_variant/35f92887-332a-4098-8c34-4602bd898846.jpeg","999","329","67% OFF","M","Out of Stock"
"c951ba4c-673a-4ac0-9a39-a798114d8f71","https://www.zepto.com/pn/pepe-jeans-mens-premium-cotton-brief-blue-s/pvid/c951ba4c-673a-4ac0-9a39-a798114d8f71","Pepe Jeans Mens Heritage Blue 100% Cotton Printed Brief - Pack of 1 () Comfort Fit, Soft Fabric","https://cdn.zeptonow.com/production/tr:w-100,ar-100-100,pr-true,f-auto,q-40,dpr-2/cms/product_variant/6b818202-0933-4b95-ac15-362f1e3f4075.jpg","329","253","23% OFF","S","Out of Stock"
"c951ba4c-673a-4ac0-9a39-a798114d8f71","https://www.zepto.com/pn/pepe-jeans-mens-premium-cotton-brief-blue-s/pvid/c951ba4c-673a-4ac0-9a39-a798114d8f71","Pepe Jeans Mens Heritage Blue 100% Cotton Printed Brief - Pack of 1 () Comfort Fit, Soft Fabric","https://cdn.zeptonow.com/production/tr:w-100,ar-100-100,pr-true,f-auto,q-40,dpr-2/cms/product_variant/219df171-1186-4086-ba46-455fa2c24852.jpg","339","260","23% OFF","XL","Out of Stock"
"325edb21-b432-4401-9b9c-f1fa009ca3b5","https://www.zepto.com/pn/pepe-jeans-100-cotton-mens-vest-xl-comfortable-fit/pvid/325edb21-b432-4401-9b9c-f1fa009ca3b5","Pepe Jeans Mens Grey Melange Cotton Solid Gym Vest - Pack of 1 () Comfort Fit, Soft Fabric","https://cdn.zeptonow.com/production/tr:w-100,ar-100-100,pr-true,f-auto,q-40,dpr-2/cms/product_variant/bf6430c4-970f-449e-adb2-d7ea792aec45.jpeg","599","382","36% OFF","S","In Stock"
"a76de377-ecdd-403e-afdf-27547e8fe60f","https://www.zepto.com/pn/pepe-jeans-mens-premium-track-pant-navy-s/pvid/a76de377-ecdd-403e-afdf-27547e8fe60f","Pepe Jeans Mens Navy Regular Track pant - Pack of 1 () Comfort Fit, Soft Fabric","https://cdn.zeptonow.com/production/tr:w-100,ar-100-100,pr-true,f-auto,q-40,dpr-2/cms/product_variant/329d6330-df8c-44b6-8e58-9226a4b467e1.jpeg","1799","1297","28% OFF","S","In Stock"
"a76de377-ecdd-403e-afdf-27547e8fe60f","https://www.zepto.com/pn/pepe-jeans-mens-premium-track-pant-navy-s/pvid/a76de377-ecdd-403e-afdf-27547e8fe60f","Pepe Jeans Mens Navy Regular Track pant - Pack of 1 () Comfort Fit, Soft Fabric","https://cdn.zeptonow.com/production/tr:w-100,ar-100-100,pr-true,f-auto,q-40,dpr-2/cms/product_variant/329d6330-df8c-44b6-8e58-9226a4b467e1.jpeg","1799","1297","28% OFF","M","In Stock"
"a76de377-ecdd-403e-afdf-27547e8fe60f","https://www.zepto.com/pn/pepe-jeans-mens-premium-track-pant-navy-s/pvid/a76de377-ecdd-403e-afdf-27547e8fe60f","Pepe Jeans Mens Navy Regular Track pant - Pack of 1 () Comfort Fit, Soft Fabric","https://cdn.zeptonow.com/production/tr:w-100,ar-100-100,pr-true,f-auto,q-40,dpr-2/cms/product_variant/329d6330-df8c-44b6-8e58-9226a4b467e1.jpeg","1799","1297","28% OFF","L","In Stock"
"a76de377-ecdd-403e-afdf-27547e8fe60f","https://www.zepto.com/pn/pepe-jeans-mens-premium-track-pant-navy-s/pvid/a76de377-ecdd-403e-afdf-27547e8fe60f","Pepe Jeans Mens Navy Regular Track pant - Pack of 1 () Comfort Fit, Soft Fabric","https://cdn.zeptonow.com/production/tr:w-100,ar-100-100,pr-true,f-auto,q-40,dpr-2/cms/product_variant/329d6330-df8c-44b6-8e58-9226a4b467e1.jpeg","1799","1297","28% OFF","XL","In Stock"
"f225da8f-6583-49c2-90dd-cda76d0733b6","https://www.zepto.com/pn/pepe-jeans-mens-solid-true-blue-brief-l/pvid/f225da8f-6583-49c2-90dd-cda76d0733b6","Pepe Jeans Mens True Blue 100% Cotton Solid Brief - Pack of 1 () Comfort Fit, Soft Fabric","https://cdn.zeptonow.com/production/tr:w-100,ar-100-100,pr-true,f-auto,q-40,dpr-2/cms/product_variant/e2dcf597-3179-4d89-a089-18565e500447.jpeg","279","217","22% OFF","S","In Stock"
"f225da8f-6583-49c2-90dd-cda76d0733b6","https://www.zepto.com/pn/pepe-jeans-mens-solid-true-blue-brief-l/pvid/f225da8f-6583-49c2-90dd-cda76d0733b6","Pepe Jeans Mens True Blue 100% Cotton Solid Brief - Pack of 1 () Comfort Fit, Soft Fabric","https://cdn.zeptonow.com/production/tr:w-100,ar-100-100,pr-true,f-auto,q-40,dpr-2/cms/product_variant/e2dcf597-3179-4d89-a089-18565e500447.jpeg","279","217","22% OFF","M","In Stock"
"f225da8f-6583-49c2-90dd-cda76d0733b6","https://www.zepto.com/pn/pepe-jeans-mens-solid-true-blue-brief-l/pvid/f225da8f-6583-49c2-90dd-cda76d0733b6","Pepe Jeans Mens True Blue 100% Cotton Solid Brief - Pack of 1 () Comfort Fit, Soft Fabric","https://cdn.zeptonow.com/production/tr:w-100,ar-100-100,pr-true,f-auto,q-40,dpr-2/cms/product_variant/36506bef-e70f-4535-b55e-32349f9ad676.jpeg","279","185","34% OFF","L","Out of Stock"
"f225da8f-6583-49c2-90dd-cda76d0733b6","https://www.zepto.com/pn/pepe-jeans-mens-solid-true-blue-brief-l/pvid/f225da8f-6583-49c2-90dd-cda76d0733b6","Pepe Jeans Mens True Blue 100% Cotton Solid Brief - Pack of 1 () Comfort Fit, Soft Fabric","https://cdn.zeptonow.com/production/tr:w-100,ar-100-100,pr-true,f-auto,q-40,dpr-2/cms/product_variant/affe47ef-195b-4df8-bf2a-94080b3d2113.jpeg","279","217","22% OFF","XL","Out of Stock"
"f225da8f-6583-49c2-90dd-cda76d0733b6","https://www.zepto.com/pn/pepe-jeans-mens-solid-true-blue-brief-l/pvid/f225da8f-6583-49c2-90dd-cda76d0733b6","Pepe Jeans Mens True Blue 100% Cotton Solid Brief - Pack of 1 () Comfort Fit, Soft Fabric","https://cdn.zeptonow.com/production/tr:w-100,ar-100-100,pr-true,f-auto,q-40,dpr-2/cms/product_variant/c996329e-9047-4eab-bfea-a0f302f8ef3c.jpeg","279","185","34% OFF","2XL","Out of Stock"
"aef793a8-b701-433c-9b4a-8efeed3e83be","https://www.zepto.com/pn/pepe-jeans-mens-premium-lounge-pant-black-m/pvid/aef793a8-b701-433c-9b4a-8efeed3e83be","Pepe Jeans Mens Black Cotton Solid Sleep wear - Pack of 1 () Comfort Fit, Soft Fabric","https://cdn.zeptonow.com/production/tr:w-100,ar-100-100,pr-true,f-auto,q-40,dpr-2/cms/product_variant/9392d4f2-79a1-4514-aa5f-96a3a8da7a79.jpeg","1699","1129","34% OFF","S","In Stock"
"aef793a8-b701-433c-9b4a-8efeed3e83be","https://www.zepto.com/pn/pepe-jeans-mens-premium-lounge-pant-black-m/pvid/aef793a8-b701-433c-9b4a-8efeed3e83be","Pepe Jeans Mens Black Cotton Solid Sleep wear - Pack of 1 () Comfort Fit, Soft Fabric","https://cdn.zeptonow.com/production/tr:w-100,ar-100-100,pr-true,f-auto,q-40,dpr-2/cms/product_variant/9392d4f2-79a1-4514-aa5f-96a3a8da7a79.jpeg","1699","1129","34% OFF","M","In Stock"
"aef793a8-b701-433c-9b4a-8efeed3e83be","https://www.zepto.com/pn/pepe-jeans-mens-premium-lounge-pant-black-m/pvid/aef793a8-b701-433c-9b4a-8efeed3e83be","Pepe Jeans Mens Black Cotton Solid Sleep wear - Pack of 1 () Comfort Fit, Soft Fabric","https://cdn.zeptonow.com/production/tr:w-100,ar-100-100,pr-true,f-auto,q-40,dpr-2/cms/product_variant/ecec39bf-b1aa-4f94-95af-c3b4646a086f.jpeg","1699","1139","33% OFF","L","In Stock"
"aef793a8-b701-433c-9b4a-8efeed3e83be","https://www.zepto.com/pn/pepe-jeans-mens-premium-lounge-pant-black-m/pvid/aef793a8-b701-433c-9b4a-8efeed3e83be","Pepe Jeans Mens Black Cotton Solid Sleep wear - Pack of 1() Comfort Fit, Soft Fabric","https://cdn.zeptonow.com/production/tr:w-100,ar-100-100,pr-true,f-auto,q-40,dpr-2/cms/product_variant/60611989-3e43-4649-b525-2373b7ba6193.jpeg","1699","1122","34% OFF","XL","Out of Stock"
"028c69e7-6a52-43c7-b705-8836c4da8eb4","https://www.zepto.com/pn/pepe-jeans-cotton-mens-trunks-l-sweat-resistant-solid-black/pvid/028c69e7-6a52-43c7-b705-8836c4da8eb4","Pepe Jeans Mens Black 100% Cotton Solid Trunk - Pack of 2 () Comfort Fit, Soft Fabric","https://cdn.zeptonow.com/production/tr:w-100,ar-100-100,pr-true,f-auto,q-40,dpr-2/cms/product_variant/1664bf61-df2c-41cc-b6aa-52dd876fa8a5.jpeg","599","539","10% OFF","S","In Stock"
"028c69e7-6a52-43c7-b705-8836c4da8eb4","https://www.zepto.com/pn/pepe-jeans-cotton-mens-trunks-l-sweat-resistant-solid-black/pvid/028c69e7-6a52-43c7-b705-8836c4da8eb4","Pepe Jeans Mens Black 100% Cotton Solid Trunk - Pack of 2 () Comfort Fit, Soft Fabric","https://cdn.zeptonow.com/production/tr:w-100,ar-100-100,pr-true,f-auto,q-40,dpr-2/cms/product_variant/8f971de2-346d-4138-a84e-dd954eb113c6.jpeg","599","539","10% OFF","M","In Stock"
"028c69e7-6a52-43c7-b705-8836c4da8eb4","https://www.zepto.com/pn/pepe-jeans-cotton-mens-trunks-l-sweat-resistant-solid-black/pvid/028c69e7-6a52-43c7-b705-8836c4da8eb4","Pepe Jeans Mens Black 100% Cotton Solid Trunk - Pack of 2 () Comfort Fit, Soft Fabric","https://cdn.zeptonow.com/production/tr:w-100,ar-100-100,pr-true,f-auto,q-40,dpr-2/cms/product_variant/ead108ec-f237-44d6-b62e-9bd43db60c4c.jpeg","599","543","9% OFF","L","Out of Stock"
"527ff764-0d13-48a5-acba-9477c503319a","https://www.zepto.com/pn/pepe-jeans-cotton-mens-trunks-s-sweat-resistant-solid-charcoal-melange/pvid/527ff764-0d13-48a5-acba-9477c503319a","Pepe Jeans Mens Charcoal Melange 100% Cotton Solid Trunk - Pack of 2 () Comfort Fit, Soft Fabric","https://cdn.zeptonow.com/production/tr:w-100,ar-100-100,pr-true,f-auto,q-40,dpr-2/cms/product_variant/3833b81f-771b-4917-861d-59a389a2d972.jpeg","579","499","14% OFF","S","In Stock"
"527ff764-0d13-48a5-acba-9477c503319a","https://www.zepto.com/pn/pepe-jeans-cotton-mens-trunks-s-sweat-resistant-solid-charcoal-melange/pvid/527ff764-0d13-48a5-acba-9477c503319a","Pepe Jeans Mens Charcoal Melange 100% Cotton Solid Trunk - Pack of 2 () Comfort Fit, Soft Fabric","https://cdn.zeptonow.com/production/tr:w-100,ar-100-100,pr-true,f-auto,q-40,dpr-2/cms/product_variant/3472ec05-f433-4f11-b914-42cea31118f8.jpeg","579","499","14% OFF","M","In Stock"
"527ff764-0d13-48a5-acba-9477c503319a","https://www.zepto.com/pn/pepe-jeans-cotton-mens-trunks-s-sweat-resistant-solid-charcoal-melange/pvid/527ff764-0d13-48a5-acba-9477c503319a","Pepe Jeans Mens Charcoal Melange 100% Cotton Solid Trunk - Pack of 2 () Comfort Fit, Soft Fabric","https://cdn.zeptonow.com/production/tr:w-100,ar-100-100,pr-true,f-auto,q-40,dpr-2/cms/product_variant/6b1e26a6-6abb-4fc5-83b1-c97d6dfa8705.jpeg","579","499","14% OFF","L","In Stock"
"0fb4c6ad-8588-4c6e-ba2c-2e95ba3b5429","https://www.zepto.com/pn/pepe-jeans-mens-dry-fit-gym-t-shirt-pink-xxl/pvid/0fb4c6ad-8588-4c6e-ba2c-2e95ba3b5429","Pepe Jeans Mens Dusty Pink Dry Fit T-Shirt - Pack of 1 () Comfort Fit, Soft Fabric","https://cdn.zeptonow.com/production/tr:w-100,ar-100-100,pr-true,f-auto,q-40,dpr-2/cms/product_variant/23ea384b-674b-4100-ba17-b8e92d47d65c.jpeg","999","319","68% OFF","S","Out of Stock"
"b2e9c908-161e-4a99-8f31-543e76e09216","https://www.zepto.com/pn/pepe-jeans-mens-solid-charcoal-melange-brief-s/pvid/b2e9c908-161e-4a99-8f31-543e76e09216","Pepe Jeans Mens Charcoal Melange 100% Cotton Solid Brief - Pack of 2 () Comfort Fit, Soft Fabric","https://cdn.zeptonow.com/production/tr:w-100,ar-100-100,pr-true,f-auto,q-40,dpr-2/cms/product_variant/c7c97820-fb9c-4672-bdb1-b11d5f03b9e5.jpeg","479","413","14% OFF","S","In Stock"
"b2e9c908-161e-4a99-8f31-543e76e09216","https://www.zepto.com/pn/pepe-jeans-mens-solid-charcoal-melange-brief-s/pvid/b2e9c908-161e-4a99-8f31-543e76e09216","Pepe Jeans Mens Charcoal Melange 100% Cotton Solid Brief - Pack of 2 () Comfort Fit, Soft Fabric","https://cdn.zeptonow.com/production/tr:w-100,ar-100-100,pr-true,f-auto,q-40,dpr-2/cms/product_variant/14fad449-dbe4-495c-b768-210d8a0f63f6.jpeg","479","412","14% OFF","M","In Stock"
"b2e9c908-161e-4a99-8f31-543e76e09216","https://www.zepto.com/pn/pepe-jeans-mens-solid-charcoal-melange-brief-s/pvid/b2e9c908-161e-4a99-8f31-543e76e09216","Pepe Jeans Mens Charcoal Melange 100% Cotton Solid Brief - Pack of 2 () Comfort Fit, Soft Fabric","https://cdn.zeptonow.com/production/tr:w-100,ar-100-100,pr-true,f-auto,q-40,dpr-2/cms/product_variant/576aa656-1175-4de2-81d3-cf935c3218a9.jpeg","479","409","15% OFF","L","Out of Stock"
"29d8332e-d5aa-45db-bd4f-76959d2ba9b1","https://www.zepto.com/pn/pepe-jeans-mens-trunk-s-cotton-blend-sweat-resistant-blue/pvid/29d8332e-d5aa-45db-bd4f-76959d2ba9b1","Pepe Jeans Mens True Blue 100% Cotton Solid Trunk - Pack of 2 () Comfort Fit, Soft Fabric","https://cdn.zeptonow.com/production/tr:w-100,ar-100-100,pr-true,f-auto,q-40,dpr-2/cms/product_variant/89fb1386-7d89-4087-9521-bfb2792f2532.jpeg","579","330","43% OFF","S","In Stock"
"29d8332e-d5aa-45db-bd4f-76959d2ba9b1","https://www.zepto.com/pn/pepe-jeans-mens-trunk-s-cotton-blend-sweat-resistant-blue/pvid/29d8332e-d5aa-45db-bd4f-76959d2ba9b1","Pepe Jeans Mens True Blue 100% Cotton Solid Trunk - Pack of 2 () Comfort Fit, Soft Fabric","https://cdn.zeptonow.com/production/tr:w-100,ar-100-100,pr-true,f-auto,q-40,dpr-2/cms/product_variant/079d1af3-daf0-4c84-8179-6cf9dfbe185d.jpeg","579","499","14% OFF","M","In Stock"
"29d8332e-d5aa-45db-bd4f-76959d2ba9b1","https://www.zepto.com/pn/pepe-jeans-mens-trunk-s-cotton-blend-sweat-resistant-blue/pvid/29d8332e-d5aa-45db-bd4f-76959d2ba9b1","Pepe Jeans Mens True Blue 100% Cotton Solid Trunk - Pack of 2 () Comfort Fit, Soft Fabric","https://cdn.zeptonow.com/production/tr:w-100,ar-100-100,pr-true,f-auto,q-40,dpr-2/cms/product_variant/276e02bc-c318-4485-97be-c2ffe9f5b2af.jpeg","579","499","14% OFF","L","In Stock"
"39817b3a-0713-499b-8855-f15d0339b9ca","https://www.zepto.com/pn/pepe-jeans-mens-dry-fit-gym-t-shirt-pink-xl/pvid/39817b3a-0713-499b-8855-f15d0339b9ca","Pepe Jeans Mens Dusty Pink Dry Fit T-Shirt - Pack of 1 () Comfort Fit, Soft Fabric","https://cdn.zeptonow.com/production/tr:w-100,ar-100-100,pr-true,f-auto,q-40,dpr-2/cms/product_variant/0775659e-c2ac-4d10-adc9-64ae77fd1c18.jpeg","999","419","58% OFF","S","Out of Stock"
"6bac3a7b-35b4-4bb6-adb5-f3f0b1412b7b","https://www.zepto.com/pn/pepe-jeans-womens-premium-track-pant-black-m/pvid/6bac3a7b-35b4-4bb6-adb5-f3f0b1412b7b","Pepe Jeans Womens Black Solid Women Trackpant - Pack of 1 () Comfort Fit, Soft Fabric","https://cdn.zeptonow.com/production/tr:w-100,ar-100-100,pr-true,f-auto,q-40,dpr-2/cms/product_variant/58679a70-c993-414e-94d8-263e4150d9b8.jpeg","1599","1069","33% OFF","S","Out of Stock"
"6bac3a7b-35b4-4bb6-adb5-f3f0b1412b7b","https://www.zepto.com/pn/pepe-jeans-womens-premium-track-pant-black-m/pvid/6bac3a7b-35b4-4bb6-adb5-f3f0b1412b7b","Pepe Jeans Womens Black Solid Women Trackpant - Pack of 1 () Comfort Fit, Soft Fabric","https://cdn.zeptonow.com/production/tr:w-100,ar-100-100,pr-true,f-auto,q-40,dpr-2/cms/product_variant/58679a70-c993-414e-94d8-263e4150d9b8.jpeg","1599","1069","33% OFF","M","Out of Stock"
"6bac3a7b-35b4-4bb6-adb5-f3f0b1412b7b","https://www.zepto.com/pn/pepe-jeans-womens-premium-track-pant-black-m/pvid/6bac3a7b-35b4-4bb6-adb5-f3f0b1412b7b","Pepe Jeans Womens Black Solid Women Trackpant - Pack of 1 () Comfort Fit, Soft Fabric","https://cdn.zeptonow.com/production/tr:w-100,ar-100-100,pr-true,f-auto,q-40,dpr-2/cms/product_variant/8983eb47-4541-4b17-8a76-b63fe8e12b5b.jpeg","1599","1059","34% OFF","L","Out of Stock"
"6bac3a7b-35b4-4bb6-adb5-f3f0b1412b7b","https://www.zepto.com/pn/pepe-jeans-womens-premium-track-pant-black-m/pvid/6bac3a7b-35b4-4bb6-adb5-f3f0b1412b7b","Pepe Jeans Womens Black Solid Women Trackpant - Pack of 1 () Comfort Fit, Soft Fabric","https://cdn.zeptonow.com/production/tr:w-100,ar-100-100,pr-true,f-auto,q-40,dpr-2/cms/product_variant/e5282187-591e-485d-a314-fd3f13a9e8a6.jpeg","1599","1069","33% OFF","XL","In Stock"
"5b3218c1-12ae-48a2-b469-b4132d429fde","https://www.zepto.com/pn/pepe-jeans-premium-cotton-hipsters-pack-of-3-multicolor-s-panty/pvid/5b3218c1-12ae-48a2-b469-b4132d429fde","Pepe Jeans Womens Garnet Red Combo Premium 100% Cotton Women Hipster - Pack of 3 () Breathable","https://cdn.zeptonow.com/production/tr:w-100,ar-100-100,pr-true,f-auto,q-40,dpr-2/cms/product_variant/bbcaded7-8b01-436a-a39b-0f6f379c4a95.jpeg","599","509","15% OFF","S","Out of Stock"
"da370467-de31-497e-8048-dfd54b3d0b49","https://www.zepto.com/pn/pepe-jeans-mens-lounge-track-pants-black-l/pvid/da370467-de31-497e-8048-dfd54b3d0b49","Pepe Jeans Mens Black Slim Fit Track pant - Pack of 1 () Comfort Fit, Soft Fabric","https://cdn.zeptonow.com/production/tr:w-100,ar-100-100,pr-true,f-auto,q-40,dpr-2/cms/product_variant/8db13c2c-336a-4406-87f4-4a170daaa5c4.jpeg","1399","1022","27% OFF","S","In Stock"
"da370467-de31-497e-8048-dfd54b3d0b49","https://www.zepto.com/pn/pepe-jeans-mens-lounge-track-pants-black-l/pvid/da370467-de31-497e-8048-dfd54b3d0b49","Pepe Jeans Mens Black Slim Fit Track pant - Pack of 1 () Comfort Fit, Soft Fabric","https://cdn.zeptonow.com/production/tr:w-100,ar-100-100,pr-true,f-auto,q-40,dpr-2/cms/product_variant/dabe2c3e-7600-4871-99bd-83d248ce235f.jpeg","1399","1022","27% OFF","M","Out of Stock"
"da370467-de31-497e-8048-dfd54b3d0b49","https://www.zepto.com/pn/pepe-jeans-mens-lounge-track-pants-black-l/pvid/da370467-de31-497e-8048-dfd54b3d0b49","Pepe Jeans Mens Black Slim Fit Track pant - Pack of 1 () Comfort Fit, Soft Fabric","https://cdn.zeptonow.com/production/tr:w-100,ar-100-100,pr-true,f-auto,q-40,dpr-2/cms/product_variant/5ad4b9e4-4089-43c7-bc4d-910614d62eae.jpeg","1399","1022","27% OFF","L","In Stock"
"da370467-de31-497e-8048-dfd54b3d0b49","https://www.zepto.com/pn/pepe-jeans-mens-lounge-track-pants-black-l/pvid/da370467-de31-497e-8048-dfd54b3d0b49","Pepe Jeans Mens Black Slim Fit Track pant - Pack of 1 () Comfort Fit, Soft Fabric","https://cdn.zeptonow.com/production/tr:w-100,ar-100-100,pr-true,f-auto,q-40,dpr-2/cms/product_variant/69be306c-cbd1-47a9-9abe-c7159eda3fb5.jpeg","1399","1022","27% OFF","XL","Out of Stock"
"da370467-de31-497e-8048-dfd54b3d0b49","https://www.zepto.com/pn/pepe-jeans-mens-lounge-track-pants-black-l/pvid/da370467-de31-497e-8048-dfd54b3d0b49","Pepe Jeans Mens Black Slim FitTrack pant - Pack of 1 () Comfort Fit, Soft Fabric","https://cdn.zeptonow.com/production/tr:w-100,ar-100-100,pr-true,f-auto,q-40,dpr-2/cms/product_variant/9eebd63c-8ccc-47a5-ae8a-a64c8dd945a8.jpeg","1399","649","54% OFF","2XL","Out of Stock"
"ceda2a94-c263-406d-b3b3-08b2d183c2ca","https://www.zepto.com/pn/pepe-jeans-mens-premium-lounge-pant-black-l/pvid/ceda2a94-c263-406d-b3b3-08b2d183c2ca","Pepe Jeans Mens Black Cotton Solid Sleep wear - Pack of 1 () Comfort Fit, Soft Fabric","https://cdn.zeptonow.com/production/tr:w-100,ar-100-100,pr-true,f-auto,q-40,dpr-2/cms/product_variant/ecec39bf-b1aa-4f94-95af-c3b4646a086f.jpeg","1699","1139","33% OFF","S","In Stock"
"c038c5d2-9116-4e36-ae9a-ce9adfc297ba","https://www.zepto.com/pn/pepe-jeans-100-cotton-mens-vest-s-smooth-seams/pvid/c038c5d2-9116-4e36-ae9a-ce9adfc297ba","Pepe Jeans Mens White Cotton Solid Vest - Pack of 2 () Comfort Fit, Soft Fabric","https://cdn.zeptonow.com/production/tr:w-100,ar-100-100,pr-true,f-auto,q-40,dpr-2/cms/product_variant/ae4e3b61-66bc-4b95-a9c5-7470286b2fca.jpeg","649","449","31% OFF","S","Out of Stock"
"c038c5d2-9116-4e36-ae9a-ce9adfc297ba","https://www.zepto.com/pn/pepe-jeans-100-cotton-mens-vest-s-smooth-seams/pvid/c038c5d2-9116-4e36-ae9a-ce9adfc297ba","Pepe Jeans Mens White Cotton Solid Vest - Pack of 2 () Comfort Fit, Soft Fabric","https://cdn.zeptonow.com/production/tr:w-100,ar-100-100,pr-true,f-auto,q-40,dpr-2/cms/product_variant/ae4e3b61-66bc-4b95-a9c5-7470286b2fca.jpeg","649","449","31% OFF","M","Out of Stock"
"c038c5d2-9116-4e36-ae9a-ce9adfc297ba","https://www.zepto.com/pn/pepe-jeans-100-cotton-mens-vest-s-smooth-seams/pvid/c038c5d2-9116-4e36-ae9a-ce9adfc297ba","Pepe Jeans Mens White Cotton Solid Vest - Pack of 2 () Comfort Fit, Soft Fabric","https://cdn.zeptonow.com/production/tr:w-100,ar-100-100,pr-true,f-auto,q-40,dpr-2/cms/product_variant/341d0baf-24a4-4b61-99e6-f9aa70de9ba0.jpeg","649","351","46% OFF","L","Out of Stock"
"d9dd6743-44e5-4a14-95ac-8ba21b350f5c","https://www.zepto.com/pn/pepe-jeans-mens-premium-lounge-pant-navy-s/pvid/d9dd6743-44e5-4a14-95ac-8ba21b350f5c","Pepe Jeans Mens Navy Cotton Solid Sleep wear - Pack of 1 () Comfort Fit, Soft Fabric","https://cdn.zeptonow.com/production/tr:w-100,ar-100-100,pr-true,f-auto,q-40,dpr-2/cms/product_variant/48d1a87e-65b7-4991-aa28-97d26285cbff.jpeg","1699","1139","33% OFF","S","Out of Stock"
"d1bb2dcd-28c2-46b6-8c90-5fb3689b533a","https://www.zepto.com/pn/pepe-jeans-premium-poly-spandex-t-shirt-barkha-brown-l/pvid/d1bb2dcd-28c2-46b6-8c90-5fb3689b533a","Pepe Jeans Womens Brown Dry Fit Women T-Shirt - Pack of 1 () Comfort Fit, Soft Fabric","https://cdn.zeptonow.com/production/tr:w-100,ar-100-100,pr-true,f-auto,q-40,dpr-2/cms/product_variant/c0985d66-d67b-48d4-8a62-000c312a5c91.jpeg","1499","990","34% OFF","S","In Stock"
"d1bb2dcd-28c2-46b6-8c90-5fb3689b533a","https://www.zepto.com/pn/pepe-jeans-premium-poly-spandex-t-shirt-barkha-brown-l/pvid/d1bb2dcd-28c2-46b6-8c90-5fb3689b533a","Pepe Jeans Womens Brown Dry Fit Women T-Shirt - Pack of 1 () Comfort Fit, Soft Fabric","https://cdn.zeptonow.com/production/tr:w-100,ar-100-100,pr-true,f-auto,q-40,dpr-2/cms/product_variant/c0985d66-d67b-48d4-8a62-000c312a5c91.jpeg","1499","990","34% OFF","M","In Stock"
"d1bb2dcd-28c2-46b6-8c90-5fb3689b533a","https://www.zepto.com/pn/pepe-jeans-premium-poly-spandex-t-shirt-barkha-brown-l/pvid/d1bb2dcd-28c2-46b6-8c90-5fb3689b533a","Pepe Jeans Womens Brown Dry Fit Women T-Shirt - Pack of 1 () Comfort Fit, Soft Fabric","https://cdn.zeptonow.com/production/tr:w-100,ar-100-100,pr-true,f-auto,q-40,dpr-2/cms/product_variant/c0985d66-d67b-48d4-8a62-000c312a5c91.jpeg","1499","990","34% OFF","L","In Stock"
"d1bb2dcd-28c2-46b6-8c90-5fb3689b533a","https://www.zepto.com/pn/pepe-jeans-premium-poly-spandex-t-shirt-barkha-brown-l/pvid/d1bb2dcd-28c2-46b6-8c90-5fb3689b533a","Pepe Jeans Womens Brown Dry Fit Women T-Shirt - Pack of 1 () Comfort Fit, Soft Fabric","https://cdn.zeptonow.com/production/tr:w-100,ar-100-100,pr-true,f-auto,q-40,dpr-2/cms/product_variant/9efe793b-f675-42a7-949a-88bd35a4da8f.jpeg","1499","979","35% OFF","XL","Out of Stock"
"d1bb2dcd-28c2-46b6-8c90-5fb3689b533a","https://www.zepto.com/pn/pepe-jeans-premium-poly-spandex-t-shirt-barkha-brown-l/pvid/d1bb2dcd-28c2-46b6-8c90-5fb3689b533a","Pepe Jeans Womens Brown Dry Fit Women T-Shirt - Pack of 1() Comfort Fit, Soft Fabric","https://cdn.zeptonow.com/production/tr:w-100,ar-100-100,pr-true,f-auto,q-40,dpr-2/cms/product_variant/6a860bb0-2672-4c7e-84ae-0b5b3b9ff2da.jpeg","1499","839","44% OFF","2XL","Out of Stock"
"f3f66491-d454-40bf-ba41-f353c154c257","https://www.zepto.com/pn/pepe-jeans-100-cotton-mens-vest-l-smooth-seams/pvid/f3f66491-d454-40bf-ba41-f353c154c257","Pepe Jeans Mens White Cotton Solid Vest - Pack of 2 () Comfort Fit, Soft Fabric","https://cdn.zeptonow.com/production/tr:w-100,ar-100-100,pr-true,f-auto,q-40,dpr-2/cms/product_variant/341d0baf-24a4-4b61-99e6-f9aa70de9ba0.jpeg","649","351","46% OFF","S","Out of Stock"
"f3f66491-d454-40bf-ba41-f353c154c257","https://www.zepto.com/pn/pepe-jeans-100-cotton-mens-vest-l-smooth-seams/pvid/f3f66491-d454-40bf-ba41-f353c154c257","Pepe Jeans Mens White Cotton Solid Vest - Pack of 2 () Comfort Fit, Soft Fabric","https://cdn.zeptonow.com/production/tr:w-100,ar-100-100,pr-true,f-auto,q-40,dpr-2/cms/product_variant/341d0baf-24a4-4b61-99e6-f9aa70de9ba0.jpeg","649","351","46% OFF","M","Out of Stock"